Ref,Val,Package,PosX,PosY,Rot,Side
"C16","2.2µ","C_1206_3216Metric",53.045000,-58.395000,0.000000,bottom
"C18","2.2µ","C_1206_3216Metric",63.695000,-47.445000,180.000000,bottom
"C31","1µ","C_0805_2012Metric",76.025000,-40.595000,90.000000,bottom
"C48","100n","C_0603_1608Metric",62.375000,-36.725000,90.000000,bottom
"C50","100n","C_0603_1608Metric",53.825000,-56.475000,0.000000,bottom
"C51","100n","C_0603_1608Metric",70.520000,-56.900000,90.000000,bottom
"C60","2.2µ","C_1206_3216Metric",75.045000,-91.345000,90.000000,bottom
"C61","100n","C_0603_1608Metric",78.075000,-90.875000,180.000000,bottom
"C62","1µ","C_0805_2012Metric",56.341826,-58.129312,90.000000,bottom
"C89","1µ","C_0805_2012Metric",82.445000,-104.625000,0.000000,bottom
"C90","100n","C_0603_1608Metric",51.025000,-42.975000,0.000000,bottom
"D2","D","D_SOD-123",74.762890,-57.341042,90.000000,bottom
"D8","D","D_SOD-123",51.521511,-62.337618,0.000000,bottom
"D9","D","D_SOD-123",81.492362,-76.756365,90.000000,bottom
"D10","D","D_SOD-123",89.313592,-66.245795,0.000000,bottom
"D11","D","D_SOD-123",80.216066,-69.535731,90.000000,bottom
"D13","D","D_SOD-123",89.423449,-93.376614,90.000000,bottom
"D14","D","D_SOD-123",35.106790,-65.577220,0.000000,bottom
"D19","5.0SMDJ54A","D_SMC",73.157242,-49.612298,-90.000000,bottom
"D21","D","D_SOD-123",94.454628,-66.442132,0.000000,bottom
"D22","D","D_SOD-123",82.115006,-89.988933,0.000000,bottom
"M1","HYG180N10","TO-220-3_Horizontal_TabUp_M2.5",77.865392,-45.980530,-90.000000,bottom
"M2","HYG180N10","TO-220-3_Horizontal_TabUp_NoHole",77.466066,-69.535731,90.000000,bottom
"M3","HYG180N10","TO-220-3_Horizontal_TabUp_NoHole",39.075249,-65.075887,0.000000,bottom
"M4","HYG180N10","TO-220-3_Horizontal_TabUp_NoHole",98.689339,-88.994174,180.000000,bottom
"M5","HYG180N10","TO-220-3_Horizontal_TabUp_NoHole",85.989339,-88.994174,0.000000,bottom
"M6","HYG180N10","TO-220-3_Horizontal_TabUp_NoHole",51.775249,-65.075887,180.000000,bottom
"M7","HYG180N10","TO-220-3_Horizontal_TabUp_NoHole",77.466066,-56.835731,-90.000000,bottom
"M8","HYG180N10","TO-220-3_Horizontal_TabUp_M2.5",57.230781,-100.647025,0.000000,bottom
"M9","HYG180N10","TO-220-3_Horizontal_TabUp_M2.5",36.132194,-87.148591,0.000000,bottom
"M10","HYG180N10","TO-220-3_Horizontal_TabUp_M2.5",52.156750,-101.095446,90.000000,bottom
"R15","10","R_0805_2012Metric",77.112819,-43.335509,0.000000,bottom
"R21","5.1","R_0805_2012Metric",67.716393,-47.589237,0.000000,bottom
"R23","220","R_0603_1608Metric",35.117008,-62.450087,90.000000,bottom
"R47","220","R_0603_1608Metric",101.689339,-88.994174,0.000000,bottom
"R48","5.1","R_0805_2012Metric",55.830194,-72.533845,90.000000,bottom
"R60","5.1","R_0805_2012Metric",72.271158,-57.594299,90.000000,bottom
"R61","10k","R_0603_1608Metric",33.157890,-62.386118,90.000000,bottom
"R62","10k","R_0603_1608Metric",76.261381,-35.585792,90.000000,bottom
"R70","5.1","R_0805_2012Metric",55.025249,-65.075887,0.000000,bottom
"R72","5.1","R_0805_2012Metric",81.996188,-84.582605,90.000000,bottom
"R75","10k","R_0603_1608Metric",80.593995,-73.110442,0.000000,bottom
"U8","UCC21520DW","SOIC-16W_7.5x10.3mm_P1.27mm",81.202748,-97.645742,90.000000,bottom
"U10","UCC21520DW","SOIC-16W_7.5x10.3mm_P1.27mm",52.324740,-49.735506,-90.000000,bottom
"U15","UCC21520DW","SOIC-16W_7.5x10.3mm_P1.27mm",63.782976,-54.485708,0.000000,bottom
"U19","UCC21520DW","SOIC-16W_7.5x10.3mm_P1.27mm",69.111381,-38.760792,0.000000,bottom
"C1","4.7µ","C_1210_3225Metric",74.256079,-67.504143,90.000000,top
"C3","100n","C_0805_2012Metric",33.836512,-68.502437,90.000000,top
"C4","4.7µ","C_1210_3225Metric",92.083475,-84.928310,90.000000,top
"C6","1µ","C_0805_2012Metric",100.303635,-48.720112,0.000000,top
"C7","22µ","C_1210_3225Metric",48.803072,-106.090336,90.000000,top
"C20","100n","C_0603_1608Metric",77.014637,-33.411809,0.000000,top
"C21","1µ","C_0805_2012Metric",40.219660,-104.562458,90.000000,top
"C25","1µ","C_0805_2012Metric",99.801128,-51.236661,0.000000,top
"C30","47µ","CP_EIA-7343-31_Kemet-D",82.711636,-37.482810,90.000000,top
"C33","100n","C_0603_1608Metric",46.018261,-97.439867,90.000000,top
"C34","100n","C_0603_1608Metric",40.345201,-98.946126,90.000000,top
"C35","100n","C_0603_1608Metric",70.922277,-113.696653,90.000000,top
"C39","10µ","C_1210_3225Metric",57.688785,-90.986033,90.000000,top
"C40","680µ","CP_Elec_10x12.5",86.115934,-73.457159,90.000000,top
"C41","1n","C_0603_1608Metric",72.789162,-113.617844,90.000000,top
"C44","1n","C_0603_1608Metric",44.230335,-102.480930,0.000000,top
"C45","1n","C_0603_1608Metric",47.741308,-101.825132,90.000000,top
"C55","22µ","C_1210_3225Metric",37.274752,-105.321025,90.000000,top
"C56","10µ","C_1210_3225Metric",33.723294,-104.814615,90.000000,top
"C69","680µ","CP_Elec_10x12.5",84.830847,-48.956733,-90.000000,top
"C70","220µ","CP_Elec_10x16.5",78.060889,-86.798686,0.000000,top
"C71","220µ","CP_Elec_10x16.5",36.965313,-80.042269,180.000000,top
"C72","100n","C_0805_2012Metric",74.152317,-63.592562,0.000000,top
"C73","4.7µ","C_1210_3225Metric",35.120138,-64.823847,0.000000,top
"C74","220µ","CP_Elec_10x16.5",95.963423,-95.829956,0.000000,top
"C75","220µ","CP_Elec_10x16.5",96.178960,-108.176994,-90.000000,top
"C76","100n","C_0805_2012Metric",88.910722,-85.587940,90.000000,top
"C77","220µ","CP_Elec_10x16.5",81.497697,-97.916578,180.000000,top
"C78","220µ","CP_Elec_10x16.5",49.428099,-73.032147,90.000000,top
"C79","10µ","C_1210_3225Metric",62.442106,-34.258492,0.000000,top
"C80","10µ","C_1210_3225Metric",58.158831,-32.982914,90.000000,top
"C81","10µ","C_1210_3225Metric",100.079535,-44.622072,0.000000,top
"C82","100n","C_0603_1608Metric",76.225232,-31.403827,0.000000,top
"C83","100n","C_0603_1608Metric",63.276675,-31.410641,0.000000,top
"C84","100n","C_0603_1608Metric",63.284283,-58.154319,0.000000,top
"C85","680µ","CP_Elec_10x12.5",85.416830,-61.196774,0.000000,top
"C86","220µ","CP_Elec_10x16.5",70.650604,-53.151964,90.000000,top
"C87","220µ","CP_Elec_10x16.5",49.205322,-86.425729,-90.000000,top
"C88","220µ","CP_Elec_10x16.5",64.417008,-65.454877,180.000000,top
"J3","Conn_01x01_Pin","TestPoint_THTPad_4.0x4.0mm_Drill2.0mm",44.416028,-112.934722,90.000000,top
"J4","Conn_01x01_Pin","TestPoint_THTPad_4.0x4.0mm_Drill2.0mm",50.916028,-112.934722,90.000000,top
"J5","Conn_01x01_Pin","TestPoint_THTPad_4.0x4.0mm_Drill2.0mm",62.574248,-113.184801,-90.000000,top
"J6","Conn_01x01_Pin","TestPoint_THTPad_4.0x4.0mm_Drill2.0mm",56.074248,-113.184801,-90.000000,top
"J7","Conn_01x01_Pin","TestPoint_THTPad_4.0x4.0mm_Drill2.0mm",39.304702,-111.567921,90.000000,top
"J8","Conn_01x01_Pin","TestPoint_THTPad_4.0x4.0mm_Drill2.0mm",32.804702,-111.567921,90.000000,top
"J10","Conn_02x15_2.54mm","PinSocket_2x15_P2.54mm_Vertical",69.476545,-74.158008,0.000000,top
"L1","6.8µ","IND_CSCF3218-6R8MC",44.593023,-46.535081,90.000000,top
"R1","1m","R_Bourns_CSS4J-4026",69.996815,-38.921104,90.000000,top
"R7",".05","R_2512_6332Metric",62.310781,-106.587025,-90.000000,top
"R13","220","R_0603_1608Metric",73.746960,-71.008229,0.000000,top
"R14","1Meg","R_0805_2012Metric",92.559534,-43.587763,0.000000,top
"R22","100","R_0603_1608Metric",54.980781,-100.647025,90.000000,top
"R49","10k","R_0603_1608Metric",54.775249,-65.075887,0.000000,top
"R50","100","R_0603_1608Metric",37.000457,-89.492971,0.000000,top
"R52",".05","R_2512_6332Metric",58.096750,-96.015446,0.000000,top
"R53",".05","R_2512_6332Metric",41.212194,-93.088591,-90.000000,top
"R56","100","R_0603_1608Metric",49.771401,-101.843854,90.000000,top
"R59","5.1","R_0805_2012Metric",86.372138,-85.515170,90.000000,top
"R73","10k","R_0603_1608Metric",101.689339,-88.994174,0.000000,top
"R74","10k","R_0603_1608Metric",86.857602,-91.338554,0.000000,top
"R76","10k","R_0603_1608Metric",74.278463,-61.007264,0.000000,top
"R104","10k","R_0603_1608Metric",76.764406,-43.736018,0.000000,top
"U1","L78L05_SOT89","SOT-89-3",44.419660,-106.062458,0.000000,top
"U6","MCP6241","SOT-23-5",67.757597,-113.670415,0.000000,top
"U11","MCP6241","SOT-23-5",48.827814,-97.841118,90.000000,top
"U12","MCP6241","SOT-23-5",43.154754,-99.347377,90.000000,top
"U16","LM2940_12","TO-263-3_TabPin2",98.013843,-59.068373,90.000000,top
"U17","L78L05_SOT89","SOT-89-3",62.279718,-90.040338,90.000000,top
"U25","INA241A4xD","SOIC-8_3.9x4.9mm_P1.27mm",77.006268,-38.307001,90.000000,top
