board,list,refs,qty,value,footprint,side,lcsc,mpn,maker,type,stock,unit_usd,board_usd,max_sets,orderable,why,alternates
power,JLC,C1 C4 C73,3,4.7uF,1210,top,C381466,FS32X475K101EGG,PSA (Prosperity Dielectrics),Extended,195752,0.2421,0.7263,65250,yes,"on Vout (23-33 V running; TVS stand-off 54 V, clamp 87 V): 100 V rated; commutation-loop ceramic per rail; 50 V part C170099 is cheaper but keeps less capacitance at 33 V",C170099 (50 V)
power,JLC,C3 C72 C76,3,100nF,0805,top,C28233,CL21B104KCFNNNE,Samsung,Basic,1749919,0.0356,0.1068,583306,yes,"on Vout (23-33 V running; TVS stand-off 54 V, clamp 87 V): 100 V rated",
power,JLC,C6 C21 C25 C31 C62 C89,6,1uF,0805,bottom/top,C28323,CL21B105KBFNNNE,Samsung,Basic,2568377,0.0398,0.2388,321047,yes,"value and package from the schematic; X7R, voltage rating at least 2x the net (rails 5/12 V, Vin 14-17 V)",
power,JLC,C7 C55,2,22uF,1210,top,C21397,GRM32ER71E226KE15L,Murata,Extended,73199,0.4597,0.9194,36599,yes,part chosen earlier (HANDOFF_SUMMARY / replace_notes / ANSWERS),
power,JLC,C16 C18 C60,3,2.2uF,1206,bottom,C50254,CL31B225KBHNNNE,Samsung,Basic,417173,0.0857,0.2571,139057,yes,"value and package from the schematic; X7R, voltage rating at least 2x the net (rails 5/12 V, Vin 14-17 V); bootstrap caps, 12 V across",
power,JLC,C20 C33 C34 C35 C48 C50 C51 C61 C82 C83 C84 C90,12,100nF,0603,bottom/top,C14663,CC0603KRX7R9BB104,YAGEO,Basic,51360098,0.0122,0.1464,1194420,yes,"value and package from the schematic; X7R, voltage rating at least 2x the net (rails 5/12 V, Vin 14-17 V); C82-C84 on Vin (<= 17 V), 50 V part",
power,JLC,C30,1,47uF tantalum,EIA-7343 (D),top,C4979367,TR3D476K025C0250,Vishay,Extended,107,1.1566,1.1566,107,yes,"part chosen earlier (HANDOFF_SUMMARY / replace_notes / ANSWERS); LM2940 output, ESR 250 mOhm",
power,JLC,C39 C56 C79 C80 C81,5,10uF,1210,top,C138687,CL32B106KBJNNNE,Samsung,Extended,36383,0.325,1.625,7276,yes,"value and package from the schematic; X7R, voltage rating at least 2x the net (rails 5/12 V, Vin 14-17 V); C79-C81 on Vin: 50 V X7R",
power,JLC,C40 C69 C85,3,680uF EEH-ZU1E681UP,CP_Elec_10x12.5,top,C29664285,EEH-ZU1E681UP,Panasonic,Extended,10,2.5389,7.6167,3,LIMITS BUILD,part chosen earlier (HANDOFF_SUMMARY / replace_notes / ANSWERS); STOCK 10: enough for 3 boards (3 each),
power,JLC,C41 C44 C45,3,1nF,0603,top,C1588,CL10B102KB8NNNC,Samsung,Basic,8270810,0.0089,0.0267,1378468,yes,"value and package from the schematic; X7R, voltage rating at least 2x the net (rails 5/12 V, Vin 14-17 V); IREF wiper filter",C163508 (C0G)
power,JLC,C70 C71 C74 C75 C77 C78 C86 C87 C88,9,220uF EEH-ZU1H221P,CP_Elec_10x16.5,top,C6843593,EEH-ZU1H221P,Panasonic,Extended,19,2.8329,25.4961,2,LIMITS BUILD,part chosen earlier (HANDOFF_SUMMARY / replace_notes / ANSWERS); STOCK 19: enough for 2 boards (9 each),
power,JLC,D2 D8 D11 D13 D14 D22,6,B5819W (gate turn-off),SOD-123,bottom,C8598,B5819W SL,JSCJ (Changjing),Basic,500510,0.028,0.168,83418,yes,"your choice of 2026-09-24; no diode type in the schematic (LTspice default diode). Anode on the FET gate, cathode to the driver side of the gate resistor: the turn-off path. Proposal B5819W (40 V 1 A Schottky, Basic)",C81598 1N4148W
power,JLC,D9 D10 D21,3,BAV21W (bootstrap),SOD-123,bottom,C21565,BAV21W,JSCJ (Changjing),Extended,90626,0.0191,0.0573,30208,yes,"your choice of 2026-09-24; no diode type in the schematic. 12 V to the high-side VDDA: blocks the rail FET source voltage (up to Vout, 54-87 V under a clamp event). Proposal BAV21W (200 V, trr 50 ns)",C81598 1N4148W (75 V: too low)
power,JLC,D19,1,TVS 5.0SMDJ54A,D_SMC,bottom,C42394451,5.0SMDJ54A,R+O (listed as hongjiacheng),Extended,9930,0.3948,0.3948,9930,yes,part chosen earlier (HANDOFF_SUMMARY / replace_notes / ANSWERS); Littelfuse has 1 in stock; R+O alternate (as decided 2026-09-15). Its listing gives the ratings but links no datasheet,C20415356 Littelfuse (stock 1); C5279851 SETsafe (published specs)
power,NONE,H5 H6 H7 H8,4,mounting hole,M3,top,,,,,,,,,,,
power,NONE,J1 J2,2,battery lug,M4 hole,top,,,,,,,,,,cable lugs bolted through; no part on the BOM,
power,NONE,J3 J4 J5 J6 J7 J8,6,LED wire pad,THT pad 4 mm,top,,,,,,,,,,wires soldered in,
power,ME,J10,1,ESQ-115-44-G-D,PinSocket 2x15,top,,,,,,,,,,"the device named in the schematic or the notes; not stocked at LCSC (only the -LL variant is listed, 0 in stock, $23.28); buy from Samtec / Digi-Key / Mouser",C5689183 ESQ-115-44-G-D-LL (stock 0)
power,ME,L1,1,CSCF3218-6R8MC,32 x 22.5 mm SMD,top,,,,,,,,,,the device named in the schematic or the notes; the user owns it,C5629897 (stock 0)
power,ME,M1 M2 M3 M4 M5 M6 M7 M8 M9 M10,10,HYG180N10,TO-220,bottom,,,,,,,,,,the device named in the schematic or the notes; the user owns ten,C2841917 HYG180N10LS1P
power,NONE,NT1 NT2 NT3,3,net tie,-,top,,,,,,,,,,,
power,JLC,R1,1,1m CSS4J-4026R-1L00F,4026 4-terminal,top,C2076400,CSS4J-4026R-1L00F,Bourns,Extended,385,1.7072,1.7072,385,yes,"your choice of 2026-09-24; rev6: 1 mOhm with U25 = INA241A4 (100 V/V): Current stays 0.1 V/A. Same Bourns land pattern (series drawing), H 2.70 max against 2.93",C2076167 CSS4J-4026K-2L00F 2 mOhm (0 stock)
power,JLC,R7 R52 R53,3,50 mOhm WSL2512,2512,top,C413486,WSL2512R0500FEA,Vishay,Extended,41066,0.2346,0.7038,13688,yes,"your choice of 2026-09-24; LED current sinks: 2.63 A, 0.35 W each. The value sets the LED current, so the TCR matters: WSL2512 metal strip +/-75 ppm/C ($0.23) against thick film +/-800 ppm/C ($0.04)",C127698 thick film +/-800 ppm/C
power,JLC,R13 R23 R47,3,220,0603,bottom/top,C22962,0603WAF2200T5E,UNI-ROYAL,Basic,2009900,0.0034,0.0102,287128,yes,"value and package from the schematic; 1% thick film, JLC Basic where one exists",
power,JLC,R14,1,1M,0805,top,C17514,0805W8F1004T5E,UNI-ROYAL,Basic,2496169,0.0043,0.0043,1248084,yes,"value and package from the schematic; 1% thick film, JLC Basic where one exists; on LX (65 V peak): 150 V rated",
power,JLC,R15,1,10,0805,bottom,C17415,0805W8F100JT5E,UNI-ROYAL,Basic,7059587,0.004,0.004,7059587,yes,"value and package from the schematic; 1% thick film, JLC Basic where one exists",
power,JLC,R21 R48 R60 R72,4,5.1,0805,bottom,C17724,0805W8F510KT5E,UNI-ROYAL,Basic,534124,0.0041,0.0164,89020,yes,"your choice of 2026-09-24; rev6: 5 -> 5.1 Ohm (5.0 Ohm 0805 is not stocked), the value R59/R70 already use",C25273 4.99 Ohm
power,JLC,R22 R50 R56,3,100,0603,top,C22775,0603WAF1000T5E,UNI-ROYAL,Basic,12437521,0.0031,0.0093,4145840,yes,"value and package from the schematic; 1% thick film, JLC Basic where one exists",
power,JLC,R49 R61 R62 R73 R74 R75 R76 R104,8,10k,0603,bottom/top,C25804,0603WAF1002T5E,UNI-ROYAL,Basic,22979578,0.0018,0.0144,999112,yes,"value and package from the schematic; 1% thick film, JLC Basic where one exists",
power,JLC,R59 R70,2,5.1,0805,bottom/top,C17724,0805W8F510KT5E,UNI-ROYAL,Basic,534124,0.0041,0.0082,89020,yes,"value and package from the schematic; 1% thick film, JLC Basic where one exists",
power,JLC,U1 U17,2,L78L05,SOT-89,top,C43116,L78L05ACUTR,STMicroelectronics,Extended,27095,0.1019,0.2038,13547,yes,the device named in the schematic or the notes; ST L78L05ACUTR (pinout OUT-GND-IN as the symbol),
power,JLC,U6 U11 U12,3,MCP6241,SOT-23-5,top,C49889,MCP6241T-E/OT,Microchip,Extended,38,0.6936,2.0808,4,LIMITS BUILD,"the device named in the schematic or the notes; STOCK 38, shared with the card (9 per set)",
power,JLC,U8 U10 U15 U19,4,UCC21520DW,SOIC-16W,bottom,C601651,UCC21520DWR,Texas Instruments,Extended,18240,0.8886,3.5544,4560,yes,the device named in the schematic or the notes,
power,JLC,U16,1,LM2940-12,TO-263-3,top,C2877347,LM2940S-12/NOPB,Texas Instruments,Extended,2,4.5758,4.5758,2,LIMITS BUILD,the device named in the schematic or the notes; STOCK 2 (LM2940S-12): enough for 2 boards; the CS grade (7) covers 5,"C2865267 LM2940CS-12 (stock 7): same regulator, rated 0-125 C and 45 V / 1 ms transients (TI SNVS769J)"
power,JLC,U25,1,INA241A4,SOIC-8,top,C22427873,INA241A4IDR,Texas Instruments,Extended,116,3.524,3.524,116,yes,"your choice of 2026-09-24; rev6: gain 100 V/V with the 1 mOhm R1; TI SBOSA30D: same SOIC-8 pinout for every gain, 1.1 MHz for all gains",C22427652 INA241A3IDR (rev5)
card,JLC,C8 C9 C17 C19,4,330pF,0603,bottom/top,C1664,CL10C331JB8NNNC,Samsung,Basic,914234,0.0179,0.0716,228558,yes,timing / compensation / sample-and-hold: C0G,
card,JLC,C10 C11 C13,3,4.7nF,0603,bottom/top,C85980,GRM1885C1H472JA01D,Murata,Extended,103491,0.0278,0.0834,34497,yes,timing / compensation / sample-and-hold: C0G; on Verr1-3,C53987 X7R Basic
card,JLC,C12 C22 C23 C24 C26 C28 C29 C32 C36 C37 C38 C42 C43 C46 C52 C53 C54 C58 C59 C63 C65 C66 C68 C92 C94 C95 C96 C97 C98 C99 C104,31,100nF,0603,bottom/top,C14663,CC0603KRX7R9BB104,YAGEO,Basic,51360098,0.0122,0.3782,1194420,yes,"value and package from the schematic; X7R, voltage rating at least 2x the net (rails 5/12 V, Vin 14-17 V)",
card,JLC,C14,1,220pF,0603,top,C27675,CL10C221JB8NNNC,Samsung,Extended,74938,0.0095,0.0095,74938,yes,timing / compensation / sample-and-hold: C0G; Q1 emitter,C1603 X7R Basic
card,JLC,C15,1,100pF,0603,top,C14858,CL10C101JB8NNNC,Samsung,Basic,4203127,0.0086,0.0086,4203127,yes,timing / compensation / sample-and-hold: C0G,
card,JLC,C47 C93 C103,3,10uF,0603,bottom,C96446,CL10A106MA8NRNC,Samsung,Basic,3577918,0.0541,0.1623,1192639,yes,"value and package from the schematic; X7R, voltage rating at least 2x the net (rails 5/12 V, Vin 14-17 V); Vref_1-3 (5 V): 25 V X5R",
card,JLC,C49 C64 C67,3,100nF,1206,bottom,C97946,GRM31C5C1H104JA01L,Murata,Extended,97593,0.1847,0.5541,32531,yes,timing / compensation / sample-and-hold: C0G; sample-and-hold into the 4066 switches,C14663-class X7R
card,JLC,C57 C91,2,1uF,0805,bottom/top,C28323,CL21B105KBFNNNE,Samsung,Basic,2568377,0.0398,0.0796,321047,yes,"value and package from the schematic; X7R, voltage rating at least 2x the net (rails 5/12 V, Vin 14-17 V)",
card,JLC,C100 C101 C102,3,1nF,0603,bottom/top,C1588,CL10B102KB8NNNC,Samsung,Basic,8270810,0.0089,0.0267,1378468,yes,"value and package from the schematic; X7R, voltage rating at least 2x the net (rails 5/12 V, Vin 14-17 V); pot B-terminal filter",
card,JLC,D1 D3 D4 D5 D6 D7 D15 D20 D24 D27,10,1N4148W (logic),SOD-123,bottom/top,C81598,1N4148W,ST (Semtech),Basic,5264473,0.0123,0.123,526447,yes,"your choice of 2026-09-24; no diode type in the schematic (LTspice default silicon diode). Proposal 1N4148W (Basic), the closest real part to what was simulated",
card,JLC,D23 D25 D26,3,BAT54WS (Vref),SOD-323,bottom/top,C22629,BAT54WS L9,JSCJ (Changjing),Extended,5522,0.0238,0.0714,1840,yes,your choice of 2026-09-24; no type in the schematic; the design notes show BAT54 on this path (Output -> .1Vref_n). Proposal BAT54WS,C124205 BAT54WS-7-F
card,NONE,H1 H2 H3 H4,4,mounting hole,M3,top,,,,,,,,,,,
card,NONE,J9,1,Arduino wire pads,11 wire pads,top,,,,,,,,,,wires soldered in (BUILD_NOTES J9 table),
card,ME,J11,1,TSW-115-07-G-D,PinHeader 2x15,bottom,,,,,,,,,,the device named in the schematic or the notes; LCSC lists it with 0 in stock; buy from Samtec / Digi-Key / Mouser,C5994596 (stock 0)
card,JLC,Q1,1,MMBT3906,SOT-23,bottom,C53444,MMBT3906LT1G,onsemi,Extended,1010094,0.0189,0.0189,1010094,yes,your choice of 2026-09-24; no transistor type in the schematic (LTspice generic PNP). Proposal MMBT3906,C2143 JSCJ MMBT3906
card,JLC,R2 R6 R31 R33 R39 R41 R67 R77 R83 R85 R99 R100 R101 R102 R103,15,10k,0603,bottom/top,C25804,0603WAF1002T5E,UNI-ROYAL,Basic,22979578,0.0018,0.027,999112,yes,"value and package from the schematic; 1% thick film, JLC Basic where one exists",
card,JLC,R3 R32 R40,3,620k,0603,bottom/top,C23219,0603WAF6203T5E,UNI-ROYAL,Extended,97659,0.002,0.006,32553,yes,"value and package from the schematic; 1% thick film, JLC Basic where one exists",
card,JLC,R4 R54 R55 R58 R71,5,1k,0603,bottom/top,C21190,0603WAF1001T5E,UNI-ROYAL,Basic,23926464,0.0026,0.013,4785292,yes,"value and package from the schematic; 1% thick film, JLC Basic where one exists",
card,JLC,R8 R34 R42 R51 R63 R78 R80,7,2k,0603,bottom/top,C22975,0603WAF2001T5E,UNI-ROYAL,Basic,14129032,0.0024,0.0168,2018433,yes,"value and package from the schematic; 1% thick film, JLC Basic where one exists",
card,JLC,R9 R35 R43,3,18k,0805,bottom/top,C17506,0805W8F1802T5E,UNI-ROYAL,Extended (preferred),203916,0.0043,0.0129,67972,yes,"value and package from the schematic; 1% thick film, JLC Basic where one exists",
card,JLC,R11 R17,2,510k,0603,bottom,C23192,0603WAF5103T5E,UNI-ROYAL,Basic,940892,0.0024,0.0048,470446,yes,"value and package from the schematic; 1% thick film, JLC Basic where one exists",
card,JLC,R16 R19,2,5.1k,0603,bottom/top,C23186,0603WAF5101T5E,UNI-ROYAL,Basic,26217412,0.0015,0.003,13108706,yes,"value and package from the schematic; 1% thick film, JLC Basic where one exists",
card,JLC,R18 R20,2,200k,0603,bottom,C25811,0603WAF2003T5E,UNI-ROYAL,Basic,2604608,0.0023,0.0046,1302304,yes,"value and package from the schematic; 1% thick film, JLC Basic where one exists",
card,JLC,R25 R87 R94,3,910k,0805,bottom/top,C17864,0805W8F9103T5E,UNI-ROYAL,Extended,16104,0.0034,0.0102,5368,yes,"value and package from the schematic; 1% thick film, JLC Basic where one exists; Vout dividers: 150 V rated",
card,JLC,R26 R64 R79 R81,4,220,0603,bottom/top,C22962,0603WAF2200T5E,UNI-ROYAL,Basic,2009900,0.0034,0.0136,287128,yes,"value and package from the schematic; 1% thick film, JLC Basic where one exists",
card,JLC,R27 R37 R45,3,4.7k,0603,bottom/top,C23162,0603WAF4701T5E,UNI-ROYAL,Basic,23361029,0.0028,0.0084,7787009,yes,"value and package from the schematic; 1% thick film, JLC Basic where one exists",
card,JLC,R28 R36 R38 R44 R46 R88 R91 R95 R96 R105,10,100k,0603,bottom/top,C25803,0603WAF1003T5E,UNI-ROYAL,Basic,22875369,0.0031,0.031,2287536,yes,"value and package from the schematic; 1% thick film, JLC Basic where one exists",
card,JLC,R29 R30 R57,3,22k,0805,top,C17560,0805W8F2202T5E,UNI-ROYAL,Basic,1810782,0.0048,0.0144,603594,yes,"value and package from the schematic; 1% thick film, JLC Basic where one exists",
card,JLC,R65,1,22k,0603,top,C31850,0603WAF2202T5E,UNI-ROYAL,Basic,3686199,0.0041,0.0041,3686199,yes,"value and package from the schematic; 1% thick film, JLC Basic where one exists",
card,JLC,R66 R89 R92 R97,4,3.3k,0603,bottom/top,C22978,0603WAF3301T5E,UNI-ROYAL,Basic,5489100,0.0026,0.0104,1372275,yes,"value and package from the schematic; 1% thick film, JLC Basic where one exists",
card,JLC,R68,1,62k,0603,top,C23221,0603WAF6202T5E,UNI-ROYAL,Extended (preferred),440315,0.0028,0.0028,440315,yes,"value and package from the schematic; 1% thick film, JLC Basic where one exists",
card,JLC,R69,1,20k,0603,top,C4184,0603WAF2002T5E,UNI-ROYAL,Basic,8367518,0.0023,0.0023,8367518,yes,"value and package from the schematic; 1% thick film, JLC Basic where one exists",
card,JLC,R82,1,56k,0603,top,C23206,0603WAF5602T5E,UNI-ROYAL,Basic,1040364,0.0027,0.0027,1040364,yes,"value and package from the schematic; 1% thick film, JLC Basic where one exists",
card,JLC,R84,1,120k,0603,bottom,C25808,0603WAF1203T5E,UNI-ROYAL,Basic,1048781,0.0015,0.0015,1048781,yes,"value and package from the schematic; 1% thick film, JLC Basic where one exists",
card,JLC,R86,1,1M,0805,top,C17514,0805W8F1004T5E,UNI-ROYAL,Basic,2496169,0.0043,0.0043,1248084,yes,"value and package from the schematic; 1% thick film, JLC Basic where one exists",
card,JLC,R90 R93 R98,3,10M,0603,bottom/top,C7250,0603WAF1005T5E,UNI-ROYAL,Basic,332804,0.0037,0.0111,110934,yes,"value and package from the schematic; 1% thick film, JLC Basic where one exists",
card,JLC,U2 U4 U5 U14 U21,5,MCP6561,SOT-23-5,bottom/top,C117501,MCP6561T-E/OT,Microchip,Extended,4522,0.7424,3.712,904,yes,the device named in the schematic or the notes,
card,JLC,U3 U7 U13 U22 U23 U24,6,MCP6241,SOT-23-5,bottom/top,C49889,MCP6241T-E/OT,Microchip,Extended,38,0.6936,4.1616,4,LIMITS BUILD,"the device named in the schematic or the notes; STOCK 38, shared with the power board",
card,JLC,U18,1,CD4017B,SOIC-16,top,C11349,CD4017BM96,Texas Instruments,Extended,18886,0.7424,0.7424,18886,yes,the device named in the schematic or the notes,
card,JLC,U26,1,MCP4451-103E/ST,TSSOP-20,bottom,C145613,MCP4451-103E/ST,Microchip,Extended,52,2.9173,2.9173,52,yes,part chosen earlier (HANDOFF_SUMMARY / replace_notes / ANSWERS); STOCK 52,
card,JLC,U28,1,74HC4051,SOIC-16,top,C9386,"74HC4051D,653",Nexperia,Extended,2364,0.2195,0.2195,2364,yes,the device named in the schematic or the notes,
card,JLC,U101 U102 U103,3,74HC00,SOIC-14,top,C5586,"74HC00D,653",Nexperia,Extended,9058,0.1548,0.4644,3019,yes,the device named in the schematic or the notes,
card,JLC,U104 U105,2,74HC14,SOIC-14,bottom/top,C5605,"74HC14D,653",Nexperia,Basic,214020,0.1022,0.2044,107010,yes,the device named in the schematic or the notes,
card,JLC,U106,1,CD74HC4066,SOIC-14,bottom,C179842,CD74HC4066M96,Texas Instruments,Extended,73,0.6092,0.6092,73,yes,the device named in the schematic or the notes; STOCK 73,
