Comment,Designator,Footprint,LCSC Part #
FS32X475K101EGG,"C1,C4,C73",1210,C381466
CL21B104KCFNNNE,"C3,C72,C76",0805,C28233
CL21B105KBFNNNE,"C6,C21,C25,C31,C62,C89",0805,C28323
GRM32ER71E226KE15L,"C7,C55",1210,C21397
CL31B225KBHNNNE,"C16,C18,C60",1206,C50254
CC0603KRX7R9BB104,"C20,C33,C34,C35,C48,C50,C51,C61,C82,C83,C84,C90",0603,C14663
TR3D476K025C0250,C30,EIA-7343 (D),C4979367
CL32B106KBJNNNE,"C39,C56,C79,C80,C81",1210,C138687
EEH-ZU1E681UP,"C40,C69,C85",CP_Elec_10x12.5,C29664285
CL10B102KB8NNNC,"C41,C44,C45",0603,C1588
EEH-ZU1H221P,"C70,C71,C74,C75,C77,C78,C86,C87,C88",CP_Elec_10x16.5,C6843593
B5819W SL,"D2,D8,D11,D13,D14,D22",SOD-123,C8598
BAV21W,"D9,D10,D21",SOD-123,C21565
S2MW,"D28,D29,D30",SOD-123F,C128729
5.0SMDJ54A,D19,D_SMC,C42394451
CSS4J-4026R-1L00F,R1,4026 4-terminal,C2076400
WSL2512R0500FEA,"R7,R52,R53",2512,C413486
0603WAF2200T5E,"R13,R23,R47",0603,C22962
0805W8F1004T5E,R14,0805,C17514
0805W8F100JT5E,R15,0805,C17415
0805W8F510KT5E,"R21,R48,R60,R72",0805,C17724
0603WAF1000T5E,"R22,R50,R56",0603,C22775
0603WAF1002T5E,"R49,R61,R62,R73,R74,R75,R76,R104",0603,C25804
0805W8F510KT5E,"R59,R70",0805,C17724
L78L05ACUTR,"U1,U17",SOT-89,C43116
MCP6241T-E/OT,"U6,U11,U12",SOT-23-5,C49889
UCC21520DWR,"U8,U10,U15,U19",SOIC-16W,C601651
LM2940S-12/NOPB,U16,TO-263-3,C2877347
INA241A4IDR,U25,SOIC-8,C22427873
