board,list,refs,qty,value,description,footprint,side,lcsc,mpn,maker,type,stock,unit_usd,board_usd,max_sets,orderable,why,alternates,jlc_url,lcsc_url,datasheet
power,JLC,C1 C4 C73,3,4.7uF,ceramic capacitor 4.7uF 100 V X7R (1210),1210,top,C381466,FS32X475K101EGG,PSA(Prosperity Dielectrics),Extended,172923,0.2328,0.6984,57641,yes,"on Vout (23-33 V running; TVS stand-off 54 V, clamp 87 V): 100 V rated; commutation-loop ceramic per rail; 50 V part C170099 is cheaper but keeps less capacitance at 33 V",C170099 (50 V),https://jlcpcb.com/partdetail/354087-FS32X475K101EGG/C381466,https://www.lcsc.com/product-detail/multilayer-ceramic-capacitors-mlcc-smd-smt_psa-prosperity-dielectrics-fs32x475k101egg_C381466.html,https://wmsc.lcsc.com/wmsc/upload/file/pdf/v2/lcsc/2304140030_PSA-Prosperity-Dielectrics-FS32X475K101EGG_C381466.pdf
power,JLC,C3 C72 C76,3,100nF,ceramic capacitor 100nF 100 V X7R (0805),0805,top,C28233,CL21B104KCFNNNE,Samsung Electro-Mechanics,Basic,1258622,0.0357,0.1071,419540,yes,"on Vout (23-33 V running; TVS stand-off 54 V, clamp 87 V): 100 V rated",,https://jlcpcb.com/partdetail/28983-CL21B104KCFNNNE/C28233,https://www.lcsc.com/product-detail/multilayer-ceramic-capacitors-mlcc-smd-smt_samsung-electro-mechanics-cl21b104kcfnnne_C28233.html,https://www.lcsc.com/datasheet/lcsc_datasheet_2304140030_Samsung-Electro-Mechanics-CL21B104KCFNNNE_C28233.pdf
power,JLC,C6 C21 C25 C31 C62 C89,6,1uF,ceramic capacitor 1uF 50 V X7R (0805),0805,bottom/top,C28323,CL21B105KBFNNNE,Samsung Electro-Mechanics,Basic,2288251,0.0399,0.2394,286031,yes,"value and package from the schematic; X7R, voltage rating at least 2x the net (rails 5/12 V, Vin 14-17 V)",,https://jlcpcb.com/partdetail/29074-CL21B105KBFNNNE/C28323,https://www.lcsc.com/product-detail/multilayer-ceramic-capacitors-mlcc-smd-smt_samsung-electro-mechanics-cl21b105kbfnnne_C28323.html,https://www.lcsc.com/datasheet/lcsc_datasheet_2304140030_Samsung-Electro-Mechanics-CL21B105KBFNNNE_C28323.pdf
power,JLC,C7 C55,2,22uF,ceramic capacitor 22uF 25 V X7R (1210),1210,top,C21397,GRM32ER71E226KE15L,Murata Electronics,Extended,75388,0.4585,0.917,37694,yes,part chosen earlier (HANDOFF_SUMMARY / replace_notes / ANSWERS),,https://jlcpcb.com/partdetail/MurataElectronics-GRM32ER71E226KE15L/C21397,https://www.lcsc.com/product-detail/multilayer-ceramic-capacitors-mlcc-smd-smt_murata-electronics-grm32er71e226ke15l_C21397.html,https://www.lcsc.com/datasheet/lcsc_datasheet_2308111542_Murata-Electronics-GRM32ER71E226KE15L_C21397.pdf
power,JLC,C16 C18 C60,3,2.2uF,ceramic capacitor 2.2uF 50 V X7R (1206),1206,bottom,C50254,CL31B225KBHNNNE,Samsung Electro-Mechanics,Basic,389063,0.0857,0.2571,129687,yes,"value and package from the schematic; X7R, voltage rating at least 2x the net (rails 5/12 V, Vin 14-17 V); bootstrap caps, 12 V across",,https://jlcpcb.com/partdetail/51263-CL31B225KBHNNNE/C50254,https://www.lcsc.com/product-detail/multilayer-ceramic-capacitors-mlcc-smd-smt_samsung-electro-mechanics-cl31b225kbhnnne_C50254.html,https://www.lcsc.com/datasheet/lcsc_datasheet_2304140030_Samsung-Electro-Mechanics-CL31B225KBHNNNE_C50254.pdf
power,JLC,C20 C33 C34 C35 C48 C50 C51 C61 C82 C83 C84 C90,12,100nF,ceramic capacitor 100nF 50 V X7R (0603),0603,bottom/top,C14663,CC0603KRX7R9BB104,YAGEO,Basic,54422762,0.0123,0.1476,1265645,yes,"value and package from the schematic; X7R, voltage rating at least 2x the net (rails 5/12 V, Vin 14-17 V); C82-C84 on Vin (<= 17 V), 50 V part",,https://jlcpcb.com/partdetail/YAGEO-CC0603KRX7R9BB104/C14663,https://www.lcsc.com/product-detail/multilayer-ceramic-capacitors-mlcc-smd-smt_yageo-cc0603krx7r9bb104_C14663.html,https://www.lcsc.com/datasheet/lcsc_datasheet_2211101700_YAGEO-CC0603KRX7R9BB104_C14663.pdf
power,JLC,C30,1,47uF tantalum,"47 uF 25 V tantalum capacitor (low ESR, case D)",EIA-7343 (D),top,C4979367,TR3D476K025C0250,Vishay Intertech,Extended,63,1.099,1.099,63,yes,"part chosen earlier (HANDOFF_SUMMARY / replace_notes / ANSWERS); LM2940 output, ESR 250 mOhm",,https://jlcpcb.com/partdetail/VishayIntertech-TR3D476K025C0250/C4979367,https://www.lcsc.com/product-detail/tantalum-capacitors_vishay-intertech-tr3d476k025c0250_C4979367.html,https://wmsc.lcsc.com/wmsc/upload/file/pdf/v2/lcsc/2312131210_Vishay-Intertech-TR3D476K025C0250_C4979367.pdf
power,JLC,C39 C56 C79 C80 C81,5,10uF,ceramic capacitor 10uF 50 V X7R (1210),1210,top,C138687,CL32B106KBJNNNE,Samsung Electro-Mechanics,Extended,32750,0.3252,1.626,6550,yes,"value and package from the schematic; X7R, voltage rating at least 2x the net (rails 5/12 V, Vin 14-17 V); C79-C81 on Vin: 50 V X7R",,https://jlcpcb.com/partdetail/150006-CL32B106KBJNNNE/C138687,https://lcsc.com/product-detail/Multilayer-Ceramic-Capacitors-MLCC-SMD-SMT_Samsung-Electro-Mechanics-CL32B106KBJNNNE_C138687.html,https://datasheet.lcsc.com/lcsc/1912112237_Samsung-Electro-Mechanics-CL32B106KBJNNNE_C138687.pdf
power,JLC,C40 C69 C85,3,680uF EEH-ZU1E681UP,680 uF 25 V hybrid polymer electrolytic capacitor,CP_Elec_10x12.5,top,C29664285,EEH-ZU1E681UP,PANASONIC,Extended,10,2.5409,7.6227,3,LIMITS BUILD,part chosen earlier (HANDOFF_SUMMARY / replace_notes / ANSWERS); STOCK 10: enough for 3 boards (3 each),,https://jlcpcb.com/partdetail/PANASONIC-EEHZU1E681UP/C29664285,,
power,JLC,C41 C44 C45,3,1nF,ceramic capacitor 1nF 50 V X7R (0603),0603,top,C1588,CL10B102KB8NNNC,Samsung Electro-Mechanics,Basic,7811866,0.0089,0.0267,1301977,yes,"value and package from the schematic; X7R, voltage rating at least 2x the net (rails 5/12 V, Vin 14-17 V); IREF wiper filter",C163508 (C0G),https://jlcpcb.com/partdetail/1940-CL10B102KB8NNNC/C1588,https://www.lcsc.com/product-detail/multilayer-ceramic-capacitors-mlcc-smd-smt_samsung-electro-mechanics-cl10b102kb8nnnc_C1588.html,https://www.lcsc.com/datasheet/lcsc_datasheet_2304140030_Samsung-Electro-Mechanics-CL10B102KB8NNNC_C1588.pdf
power,JLC,C74 C86 C87,3,220uF EEH-ZU1H221P,220 uF 50 V hybrid polymer electrolytic capacitor (Panasonic ZU),CP_Elec_10x16.5,top,C6843593,EEH-ZU1H221P,PANASONIC,Extended,14,2.8352,8.5056,4,LIMITS BUILD,part chosen earlier (HANDOFF_SUMMARY / replace_notes / ANSWERS); the three most loaded output caps (BOOST_AUDIT section 6: up to 3.46 A); since 2026-10-01 the other six are EEH-ZS1H221P,,https://jlcpcb.com/partdetail/PANASONIC-EEHZU1H221P/C6843593,https://www.lcsc.com/product-detail/hybrid-aluminum-electrolytic-capacitors_panasonic-eeh-zu1h221p_C6843593.html,
power,JLC,C70 C71 C75 C77 C78 C88,6,220uF EEH-ZS1H221P,220 uF 50 V hybrid polymer electrolytic capacitor (Panasonic ZS),CP_Elec_10x16.5,top,C385885,EEHZS1H221P,PANASONIC,Extended,1263,1.6338,9.8028,210,yes,"approved 2026-10-01: same Panasonic hybrid family, size and footprint; 13 mOhm, 3.7 A (ZU: 10 mOhm, 5.2 A). These positions carry 1.90-2.37 A, 51-64 % of the ZS rating; cheaper, and the ZU had too little stock",C6843593 EEH-ZU1H221P,https://jlcpcb.com/partdetail/PANASONIC-EEHZS1H221P/C385885,https://www.lcsc.com/product-detail/hybrid-aluminum-electrolytic-capacitors_panasonic-eehzs1h221p_C385885.html,https://wmsc.lcsc.com/wmsc/upload/file/pdf/v2/lcsc/1912111437_PANASONIC-EEHZS1H221P_C385885.pdf
power,JLC,D2 D8 D11 D13 D14 D22,6,B5819W (gate turn-off),Schottky diode 40 V 1 A,SOD-123,bottom,C8598,B5819W SL,"Jiangsu Changjing Electronics Technology Co., Ltd.",Basic,512334,0.028,0.168,85389,yes,"your choice of 2026-09-24; no diode type in the schematic (LTspice default diode). Anode on the FET gate, cathode to the driver side of the gate resistor: the turn-off path. Proposal B5819W (40 V 1 A Schottky, Basic)",C81598 1N4148W,https://jlcpcb.com/partdetail/9093-B5819WSL/C8598,https://www.lcsc.com/product-detail/schottky-diodes_jiangsu-changjing-electronics-technology-co-ltd-b5819w-sl_C8598.html,https://www.lcsc.com/datasheet/lcsc_datasheet_2304140030_Jiangsu-Changjing-Electronics-Technology-Co---Ltd--B5819W-SL_C8598.pdf
power,JLC,D9 D10 D21,3,BAV21W (bootstrap),switching diode 200 V 0.2 A,SOD-123,bottom,C21565,BAV21W,"Jiangsu Changjing Electronics Technology Co., Ltd.",Extended,87375,0.0191,0.0573,29125,yes,"your choice of 2026-09-24; no diode type in the schematic. 12 V to the high-side VDDA: blocks the rail FET source voltage (up to Vout, 54-87 V under a clamp event). Proposal BAV21W (200 V, trr 50 ns)",C81598 1N4148W (75 V: too low),https://jlcpcb.com/partdetail/22286-BAV21W/C21565,https://www.lcsc.com/product-detail/switching-diodes_jiangsu-changjing-electronics-technology-co-ltd-bav21w_C21565.html,https://www.lcsc.com/datasheet/lcsc_datasheet_1811011112_Jiangsu-Changjing-Electronics-Technology-Co---Ltd--BAV21W_C21565.pdf
power,JLC,D28 D29 D30,3,S2MW (pre-charge),rectifier diode 1000 V 2 A,SOD-123F,bottom,C128729,S2MW,Shandong Jingdao Microelectronics,Extended,14395,0.0183,0.0549,4798,yes,"pre-charge diodes Vin -> Vout_1/2/3 (chosen 2026-09-29): 1000 V 2 A, IFSM 50 A; surge headroom 2.5x at an ideal battery (precharge_surge_2026-09-30), kept 2026-09-30",C2900725 Foshan Blue Rocket S2MW,https://jlcpcb.com/partdetail/140015-S2MW/C128729,https://www.lcsc.com/product-detail/diodes-general-purpose_shandong-jingdao-microelectronics-s2mw_C128729.html,https://www.lcsc.com/datasheet/lcsc_datasheet_1810121033_Shandong-Jingdao-Microelectronics-S2MW_C128729.pdf
power,JLC,D19,1,TVS 5.0SMDJ54A,"TVS diode 54 V stand-off, 5 kW",D_SMC,bottom,C42394451,5.0SMDJ54A,hongjiacheng,Extended,9825,0.3951,0.3951,9825,yes,part chosen earlier (HANDOFF_SUMMARY / replace_notes / ANSWERS); Littelfuse has 1 in stock; R+O alternate (as decided 2026-09-15). Its listing gives the ratings but links no datasheet,C20415356 Littelfuse (stock 1); C5279851 SETsafe (published specs),https://jlcpcb.com/partdetail/hongjiacheng-50SMDJ54A/C42394451,,
power,NONE,H5 H6 H7 H8,4,mounting hole,mounting hole,M3,top,,,,,,,,,,,,,,
power,NONE,J1 J2,2,battery lug,battery lug,M4 hole,top,,,,,,,,,,cable lugs bolted through; no part on the BOM,,,,
power,NONE,J3 J4 J5 J6 J7 J8,6,LED wire pad,LED wire pad,THT pad 4 mm,top,,,,,,,,,,wires soldered in,,,,
power,ME,J10,1,ESQ-115-44-G-D,"2x15 socket strip, 2.54 mm, elevated (Samtec)",PinSocket 2x15,top,,,,,,,,,,"the device named in the schematic or the notes; not stocked at LCSC (only the -LL variant is listed, 0 in stock, $23.28); buy from Samtec / Digi-Key / Mouser",C5689183 ESQ-115-44-G-D-LL (stock 0),,,
power,ME,L1,1,CSCF3218-6R8MC,"6.8 uH power inductor, 32 x 22.5 mm",32 x 22.5 mm SMD,top,,,,,,,,,,the device named in the schematic or the notes; the user owns it,C5629897 (stock 0),,,
power,ME,M1 M2 M3 M4 M5 M6 M7 M8 M9 M10,10,HYG180N10,100 V N-channel MOSFET (TO-220),TO-220,bottom,,,,,,,,,,the device named in the schematic or the notes; the user owns ten,C2841917 HYG180N10LS1P,,,
power,NONE,NT1 NT2 NT3,3,net tie,net tie,-,top,,,,,,,,,,,,,,
power,JLC,R1,1,1m CSS4J-4026R-1L00F,"current-sense resistor 1 mOhm 4 W, 4-terminal",4026 4-terminal,top,C2076400,CSS4J-4026R-1L00F,BOURNS,Extended,385,1.7086,1.7086,385,yes,"your choice of 2026-09-24; rev6: 1 mOhm with U25 = INA241A4 (100 V/V): Current stays 0.1 V/A. Same Bourns land pattern (series drawing), H 2.70 max against 2.93",C2076167 CSS4J-4026K-2L00F 2 mOhm (0 stock),https://jlcpcb.com/partdetail/BOURNS-CSS4J_4026R1L00F/C2076400,https://www.lcsc.com/product-detail/current-sense-resistors-shunt-resistors_bourns-css4j-4026r-1l00f_C2076400.html,https://wmsc.lcsc.com/wmsc/upload/file/pdf/v2/lcsc/2304140030_BOURNS-CSS4J-4026R-1L00F_C2076400.pdf
power,JLC,R7 R52 R53,3,50 mOhm WSL2512,"current-sense resistor 50 mOhm 1 W, metal strip",2512,top,C413486,WSL2512R0500FEA,Vishay Intertech,Extended,41066,0.2348,0.7044,13688,yes,"your choice of 2026-09-24; LED current sinks: 2.63 A, 0.35 W each. The value sets the LED current, so the TCR matters: WSL2512 metal strip +/-75 ppm/C ($0.23) against thick film +/-800 ppm/C ($0.04)",C127698 thick film +/-800 ppm/C,https://jlcpcb.com/partdetail/VishayIntertech-WSL2512R0500FEA/C413486,https://www.lcsc.com/product-detail/chip-resistor-surface-mount_vishay-intertech-wsl2512r0500fea_C413486.html,https://wmsc.lcsc.com/wmsc/upload/file/pdf/v2/lcsc/1912111437_Vishay-Intertech-WSL2512R0500FEA_C413486.pdf
power,JLC,R13 R23 R47,3,220,resistor 220 ohm 1 % (0603),0603,bottom/top,C22962,0603WAF2200T5E,UNI-ROYAL(Uniroyal Elec),Basic,1903983,0.0035,0.0105,271997,yes,"value and package from the schematic; 1% thick film, JLC Basic where one exists",,https://jlcpcb.com/partdetail/23689-0603WAF2200T5E/C22962,https://www.lcsc.com/product-detail/chip-resistor-surface-mount_uni-royal-uniroyal-elec-0603waf2200t5e_C22962.html,https://www.lcsc.com/datasheet/lcsc_datasheet_2206010130_UNI-ROYAL-Uniroyal-Elec-0603WAF2200T5E_C22962.pdf
power,JLC,R14,1,1M,resistor 1M ohm 1 % (0805),0805,top,C17514,0805W8F1004T5E,UNI-ROYAL(Uniroyal Elec),Basic,2420510,0.0043,0.0043,1210255,yes,"value and package from the schematic; 1% thick film, JLC Basic where one exists; on LX (65 V peak): 150 V rated",,https://jlcpcb.com/partdetail/18202-0805W8F1004T5E/C17514,https://www.lcsc.com/product-detail/chip-resistor-surface-mount_uni-royal-uniroyal-elec-0805w8f1004t5e_C17514.html,https://www.lcsc.com/datasheet/lcsc_datasheet_2206010200_UNI-ROYAL-Uniroyal-Elec-0805W8F1004T5E_C17514.pdf
power,JLC,R15,1,10,resistor 10 ohm 1 % (0805),0805,bottom,C17415,0805W8F100JT5E,UNI-ROYAL(Uniroyal Elec),Basic,6880485,0.004,0.004,6880485,yes,"value and package from the schematic; 1% thick film, JLC Basic where one exists",,https://jlcpcb.com/partdetail/18103-0805W8F100JT5E/C17415,https://www.lcsc.com/product-detail/chip-resistor-surface-mount_uni-royal-uniroyal-elec-0805w8f100jt5e_C17415.html,https://www.lcsc.com/datasheet/lcsc_datasheet_2206010216_UNI-ROYAL-Uniroyal-Elec-0805W8F100JT5E_C17415.pdf
power,JLC,R21 R48 R60 R72,4,5.1,resistor 5.1 ohm 1 % (0805),0805,bottom,C17724,0805W8F510KT5E,UNI-ROYAL(Uniroyal Elec),Basic,418343,0.0041,0.0164,69723,yes,"your choice of 2026-09-24; rev6: 5 -> 5.1 Ohm (5.0 Ohm 0805 is not stocked), the value R59/R70 already use",C25273 4.99 Ohm,https://jlcpcb.com/partdetail/18412-0805W8F510KT5E/C17724,https://www.lcsc.com/product-detail/chip-resistor-surface-mount_uni-royal-uniroyal-elec-0805w8f510kt5e_C17724.html,https://www.lcsc.com/datasheet/lcsc_datasheet_2206010200_UNI-ROYAL-Uniroyal-Elec-0805W8F510KT5E_C17724.pdf
power,JLC,R22 R50 R56,3,100,resistor 100 ohm 1 % (0603),0603,top,C22775,0603WAF1000T5E,UNI-ROYAL(Uniroyal Elec),Basic,11576722,0.0031,0.0093,3858907,yes,"value and package from the schematic; 1% thick film, JLC Basic where one exists",,https://jlcpcb.com/partdetail/23502-0603WAF1000T5E/C22775,https://www.lcsc.com/product-detail/chip-resistor-surface-mount_uni-royal-uniroyal-elec-0603waf1000t5e_C22775.html,https://www.lcsc.com/datasheet/lcsc_datasheet_2411221126_UNI-ROYAL-Uniroyal-Elec-0603WAF1000T5E_C22775.pdf
power,JLC,R49 R61 R62 R73 R74 R75 R76 R104,8,10k,resistor 10k ohm 1 % (0603),0603,bottom/top,C25804,0603WAF1002T5E,UNI-ROYAL(Uniroyal Elec),Basic,23109251,0.0018,0.0144,1004750,yes,"value and package from the schematic; 1% thick film, JLC Basic where one exists",,https://jlcpcb.com/partdetail/26547-0603WAF1002T5E/C25804,https://www.lcsc.com/product-detail/chip-resistor-surface-mount_uni-royal-uniroyal-elec-0603waf1002t5e_C25804.html,https://www.lcsc.com/datasheet/lcsc_datasheet_2206010045_UNI-ROYAL-Uniroyal-Elec-0603WAF1002T5E_C25804.pdf
power,JLC,R59 R70,2,5.1,resistor 5.1 ohm 1 % (0805),0805,bottom/top,C17724,0805W8F510KT5E,UNI-ROYAL(Uniroyal Elec),Basic,418343,0.0041,0.0082,69723,yes,"value and package from the schematic; 1% thick film, JLC Basic where one exists",,https://jlcpcb.com/partdetail/18412-0805W8F510KT5E/C17724,https://www.lcsc.com/product-detail/chip-resistor-surface-mount_uni-royal-uniroyal-elec-0805w8f510kt5e_C17724.html,https://www.lcsc.com/datasheet/lcsc_datasheet_2206010200_UNI-ROYAL-Uniroyal-Elec-0805W8F510KT5E_C17724.pdf
power,JLC,U1 U17,2,L78L05,linear regulator 5 V 100 mA,SOT-89,top,C43116,L78L05ACUTR,STMicroelectronics,Extended,21384,0.102,0.204,10692,yes,the device named in the schematic or the notes; ST L78L05ACUTR (pinout OUT-GND-IN as the symbol),,https://jlcpcb.com/partdetail/STMicroelectronics-L78L05ACUTR/C43116,https://www.lcsc.com/product-detail/voltage-regulators-linear-low-drop-out-ldo-regulators_stmicroelectronics-l78l05acutr_C43116.html,https://www.lcsc.com/datasheet/lcsc_datasheet_1809200029_STMicroelectronics-L78L05ACUTR_C43116.pdf
power,JLC,U6 U11 U12,3,TLV9001,"op-amp, rail-to-rail, 1 MHz",SOT-23-5,top,C398363,TLV9001IDBVR,Texas Instruments,Extended,48438,0.0979,0.2937,5382,yes,"approved 2026-10-01: TI TLV9001IDBVR (the DBV part: pins 1 OUT, 2 V-, 3 IN+, 4 IN-, 5 V+, as the MCP6241; NOT the TLV9001U). 1 MHz, 2 V/us, 1.6 mV max offset. LTspice re-runs (30 ms, 25 % PWM, cold start) match the MCP6241 within 0.05 %",C49889 MCP6241T-E/OT (before 2026-10-01),https://jlcpcb.com/partdetail/TexasInstruments-TLV9001IDBVR/C398363,https://www.lcsc.com/product-detail/operational-amplifier_texas-instruments-tlv9001idbvr_C398363.html,https://www.lcsc.com/datasheet/lcsc_datasheet_2410010130_Texas-Instruments-TLV9001IDBVR_C398363.pdf
power,JLC,U8 U10 U15 U19,4,UCC21520DW,isolated dual gate driver,SOIC-16W,bottom,C601651,UCC21520DWR,Texas Instruments,Extended,17156,0.8893,3.5572,4289,yes,the device named in the schematic or the notes,,https://jlcpcb.com/partdetail/TexasInstruments-UCC21520DWR/C601651,https://www.lcsc.com/product-detail/isolators-gate-drivers_texas-instruments-ucc21520dwr_C601651.html,https://www.lcsc.com/datasheet/lcsc_datasheet_2006102223_Texas-Instruments-UCC21520DWR_C601651.pdf
power,JLC,U16,1,LM2940-12,low-dropout regulator 12 V 1 A,TO-263-3,top,C2877347,LM2940S-12/NOPB,Texas Instruments,Extended,2,4.5795,4.5795,2,LIMITS BUILD,the device named in the schematic or the notes; STOCK 2 (LM2940S-12): enough for 2 boards; the CS grade (7) covers 5,"C2865267 LM2940CS-12 (stock 7): same regulator, rated 0-125 C and 45 V / 1 ms transients (TI SNVS769J)",https://jlcpcb.com/partdetail/TexasInstruments-LM2940S_12NOPB/C2877347,https://www.lcsc.com/product-detail/voltage-regulators-linear-low-drop-out-ldo-regulators_texas-instruments-lm2940s-12-nopb_C2877347.html,https://wmsc.lcsc.com/wmsc/upload/file/pdf/v2/lcsc/2302220530_Texas-Instruments-LM2940S-12-NOPB_C2877347.pdf
power,JLC,U25,1,INA241A4,"current-sense amplifier, gain 100",SOIC-8,top,C22427873,INA241A4IDR,Texas Instruments,Extended,116,3.5277,3.5277,116,yes,"your choice of 2026-09-24; rev6: gain 100 V/V with the 1 mOhm R1; TI SBOSA30D: same SOIC-8 pinout for every gain, 1.1 MHz for all gains",C22427652 INA241A3IDR (rev5),https://jlcpcb.com/partdetail/TexasInstruments-INA241A4IDR/C22427873,,
card,JLC,C8 C9 C17 C19,4,330pF,ceramic capacitor 330pF 50 V C0G (0603),0603,bottom/top,C1664,CL10C331JB8NNNC,Samsung Electro-Mechanics,Basic,915282,0.0179,0.0716,228820,yes,timing / compensation / sample-and-hold: C0G,,https://jlcpcb.com/partdetail/2016-CL10C331JB8NNNC/C1664,https://www.lcsc.com/product-detail/multilayer-ceramic-capacitors-mlcc-smd-smt_samsung-electro-mechanics-cl10c331jb8nnnc_C1664.html,https://www.lcsc.com/datasheet/lcsc_datasheet_2304140030_Samsung-Electro-Mechanics-CL10C331JB8NNNC_C1664.pdf
card,JLC,C10 C11 C13,3,4.7nF,ceramic capacitor 4.7nF 50 V C0G (0603),0603,bottom/top,C85980,GRM1885C1H472JA01D,Murata Electronics,Extended,99447,0.0212,0.0636,33149,yes,timing / compensation / sample-and-hold: C0G; on Verr1-3,C53987 X7R Basic,https://jlcpcb.com/partdetail/MurataElectronics-GRM1885C1H472JA01D/C85980,https://www.lcsc.com/product-detail/multilayer-ceramic-capacitors-mlcc-smd-smt_murata-electronics-grm1885c1h472ja01d_C85980.html,https://wmsc.lcsc.com/wmsc/upload/file/pdf/v2/lcsc/2304140030_Murata-Electronics-GRM1885C1H472JA01D_C85980.pdf
card,JLC,C12 C22 C23 C24 C26 C28 C29 C32 C36 C37 C38 C42 C43 C46 C52 C53 C54 C58 C59 C63 C65 C66 C68 C92 C94 C95 C96 C97 C98 C99 C104,31,100nF,ceramic capacitor 100nF 50 V X7R (0603),0603,bottom/top,C14663,CC0603KRX7R9BB104,YAGEO,Basic,54422762,0.0123,0.3813,1265645,yes,"value and package from the schematic; X7R, voltage rating at least 2x the net (rails 5/12 V, Vin 14-17 V)",,https://jlcpcb.com/partdetail/YAGEO-CC0603KRX7R9BB104/C14663,https://www.lcsc.com/product-detail/multilayer-ceramic-capacitors-mlcc-smd-smt_yageo-cc0603krx7r9bb104_C14663.html,https://www.lcsc.com/datasheet/lcsc_datasheet_2211101700_YAGEO-CC0603KRX7R9BB104_C14663.pdf
card,JLC,C14,1,220pF,ceramic capacitor 220pF 50 V C0G (0603),0603,top,C27675,CL10C221JB8NNNC,Samsung Electro-Mechanics,Extended,32979,0.0095,0.0095,32979,yes,timing / compensation / sample-and-hold: C0G; Q1 emitter,C1603 X7R Basic,https://jlcpcb.com/partdetail/28425-CL10C221JB8NNNC/C27675,https://www.lcsc.com/product-detail/multilayer-ceramic-capacitors-mlcc-smd-smt_samsung-electro-mechanics-cl10c221jb8nnnc_C27675.html,https://www.lcsc.com/datasheet/lcsc_datasheet_2304140030_Samsung-Electro-Mechanics-CL10C221JB8NNNC_C27675.pdf
card,JLC,C15,1,100pF,ceramic capacitor 100pF 50 V C0G (0603),0603,top,C14858,CL10C101JB8NNNC,Samsung Electro-Mechanics,Basic,3911823,0.0086,0.0086,3911823,yes,timing / compensation / sample-and-hold: C0G,,https://jlcpcb.com/partdetail/15530-CL10C101JB8NNNC/C14858,https://www.lcsc.com/product-detail/multilayer-ceramic-capacitors-mlcc-smd-smt_samsung-electro-mechanics-cl10c101jb8nnnc_C14858.html,https://www.lcsc.com/datasheet/lcsc_datasheet_2304140030_Samsung-Electro-Mechanics-CL10C101JB8NNNC_C14858.pdf
card,JLC,C47 C93 C103,3,10uF,ceramic capacitor 10uF 25 V X5R (0603),0603,bottom,C96446,CL10A106MA8NRNC,Samsung Electro-Mechanics,Basic,3361748,0.0752,0.2256,1120582,yes,"value and package from the schematic; X7R, voltage rating at least 2x the net (rails 5/12 V, Vin 14-17 V); Vref_1-3 (5 V): 25 V X5R",,https://jlcpcb.com/partdetail/97651-CL10A106MA8NRNC/C96446,https://www.lcsc.com/product-detail/multilayer-ceramic-capacitors-mlcc-smd-smt_samsung-electro-mechanics-cl10a106ma8nrnc_C96446.html,https://www.lcsc.com/datasheet/lcsc_datasheet_2304140030_Samsung-Electro-Mechanics-CL10A106MA8NRNC_C96446.pdf
card,JLC,C49 C64 C67,3,100nF,ceramic capacitor 100nF 50 V C0G (1206),1206,bottom,C97946,GRM31C5C1H104JA01L,Murata Electronics,Extended,88688,0.1849,0.5547,29562,yes,timing / compensation / sample-and-hold: C0G; sample-and-hold into the 4066 switches,C14663-class X7R,https://jlcpcb.com/partdetail/MurataElectronics-GRM31C5C1H104JA01L/C97946,https://www.lcsc.com/product-detail/multilayer-ceramic-capacitors-mlcc-smd-smt_murata-electronics-grm31c5c1h104ja01l_C97946.html,https://www.lcsc.com/datasheet/lcsc_datasheet_1810201313_Murata-Electronics-GRM31C5C1H104JA01L_C97946.pdf
card,JLC,C57 C91,2,1uF,ceramic capacitor 1uF 50 V X7R (0805),0805,bottom/top,C28323,CL21B105KBFNNNE,Samsung Electro-Mechanics,Basic,2288251,0.0399,0.0798,286031,yes,"value and package from the schematic; X7R, voltage rating at least 2x the net (rails 5/12 V, Vin 14-17 V)",,https://jlcpcb.com/partdetail/29074-CL21B105KBFNNNE/C28323,https://www.lcsc.com/product-detail/multilayer-ceramic-capacitors-mlcc-smd-smt_samsung-electro-mechanics-cl21b105kbfnnne_C28323.html,https://www.lcsc.com/datasheet/lcsc_datasheet_2304140030_Samsung-Electro-Mechanics-CL21B105KBFNNNE_C28323.pdf
card,JLC,C100 C101 C102,3,1nF,ceramic capacitor 1nF 50 V X7R (0603),0603,bottom/top,C1588,CL10B102KB8NNNC,Samsung Electro-Mechanics,Basic,7811866,0.0089,0.0267,1301977,yes,"value and package from the schematic; X7R, voltage rating at least 2x the net (rails 5/12 V, Vin 14-17 V); pot B-terminal filter",,https://jlcpcb.com/partdetail/1940-CL10B102KB8NNNC/C1588,https://www.lcsc.com/product-detail/multilayer-ceramic-capacitors-mlcc-smd-smt_samsung-electro-mechanics-cl10b102kb8nnnc_C1588.html,https://www.lcsc.com/datasheet/lcsc_datasheet_2304140030_Samsung-Electro-Mechanics-CL10B102KB8NNNC_C1588.pdf
card,JLC,D1 D3 D4 D5 D6 D7 D15 D20 D24 D27,10,1N4148W (logic),small-signal diode 75 V,SOD-123,bottom/top,C81598,1N4148W,ST(Semtech),Basic,5212124,0.0123,0.123,521212,yes,"your choice of 2026-09-24; no diode type in the schematic (LTspice default silicon diode). Proposal 1N4148W (Basic), the closest real part to what was simulated",,https://jlcpcb.com/partdetail/ST_Semtech-1N4148W/C81598,https://www.lcsc.com/product-detail/switching-diodes_st-semtech-1n4148w_C81598.html,https://www.lcsc.com/datasheet/lcsc_datasheet_1811061725_ST-Semtech-1N4148W_C81598.pdf
card,JLC,D23 D25 D26,3,BAT54WS (Vref),Schottky diode 30 V 0.2 A,SOD-323,bottom/top,C22629,BAT54WS L9,"Jiangsu Changjing Electronics Technology Co., Ltd.",Extended,1078,0.0238,0.0714,359,yes,your choice of 2026-09-24; no type in the schematic; the design notes show BAT54 on this path (Output -> .1Vref_n). Proposal BAT54WS,C124205 BAT54WS-7-F,https://jlcpcb.com/partdetail/23356-BAT54WSL9/C22629,https://www.lcsc.com/product-detail/schottky-diodes_jiangsu-changjing-electronics-technology-co-ltd-bat54ws-l9_C22629.html,https://www.lcsc.com/datasheet/lcsc_datasheet_1809140116_Jiangsu-Changjing-Electronics-Technology-Co---Ltd--BAT54WS-L9_C22629.pdf
card,NONE,H1 H2 H3 H4,4,mounting hole,mounting hole,M3,top,,,,,,,,,,,,,,
card,NONE,J9,1,Arduino wire pads,Arduino wire pads,11 wire pads,top,,,,,,,,,,wires soldered in (BUILD_NOTES J9 table),,,,
card,ME,J11,1,TSW-115-07-G-D,"2x15 pin header, 2.54 mm (Samtec)",PinHeader 2x15,bottom,,,,,,,,,,the device named in the schematic or the notes; LCSC lists it with 0 in stock; buy from Samtec / Digi-Key / Mouser,C5994596 (stock 0),,,
card,JLC,Q1,1,MMBT3906,PNP transistor 40 V,SOT-23,bottom,C53444,MMBT3906LT1G,onsemi,Extended,1000823,0.0189,0.0189,1000823,yes,your choice of 2026-09-24; no transistor type in the schematic (LTspice generic PNP). Proposal MMBT3906,C2143 JSCJ MMBT3906,https://jlcpcb.com/partdetail/onsemi-MMBT3906LT1G/C53444,https://www.lcsc.com/product-detail/bipolar-bjt_onsemi-mmbt3906lt1g_C53444.html,https://www.lcsc.com/datasheet/lcsc_datasheet_1810301518_onsemi-MMBT3906LT1G_C53444.pdf
card,JLC,R2 R6 R31 R33 R39 R41 R67 R77 R83 R85 R99 R100 R101 R102 R103,15,10k,resistor 10k ohm 1 % (0603),0603,bottom/top,C25804,0603WAF1002T5E,UNI-ROYAL(Uniroyal Elec),Basic,23109251,0.0018,0.027,1004750,yes,"value and package from the schematic; 1% thick film, JLC Basic where one exists",,https://jlcpcb.com/partdetail/26547-0603WAF1002T5E/C25804,https://www.lcsc.com/product-detail/chip-resistor-surface-mount_uni-royal-uniroyal-elec-0603waf1002t5e_C25804.html,https://www.lcsc.com/datasheet/lcsc_datasheet_2206010045_UNI-ROYAL-Uniroyal-Elec-0603WAF1002T5E_C25804.pdf
card,JLC,R3 R32 R40,3,620k,resistor 620k ohm 1 % (0603),0603,bottom/top,C23219,0603WAF6203T5E,UNI-ROYAL(Uniroyal Elec),Extended,93537,0.002,0.006,31179,yes,"value and package from the schematic; 1% thick film, JLC Basic where one exists",,https://jlcpcb.com/partdetail/23946-0603WAF6203T5E/C23219,https://www.lcsc.com/product-detail/chip-resistor-surface-mount_uni-royal-uniroyal-elec-0603waf6203t5e_C23219.html,https://www.lcsc.com/datasheet/lcsc_datasheet_2206010116_UNI-ROYAL-Uniroyal-Elec-0603WAF6203T5E_C23219.pdf
card,JLC,R4 R54 R55 R58 R71,5,1k,resistor 1k ohm 1 % (0603),0603,bottom/top,C21190,0603WAF1001T5E,UNI-ROYAL(Uniroyal Elec),Basic,21672207,0.0026,0.013,4334441,yes,"value and package from the schematic; 1% thick film, JLC Basic where one exists",,https://jlcpcb.com/partdetail/21904-0603WAF1001T5E/C21190,https://www.lcsc.com/product-detail/chip-resistor-surface-mount_uni-royal-uniroyal-elec-0603waf1001t5e_C21190.html,https://www.lcsc.com/datasheet/lcsc_datasheet_2206010130_UNI-ROYAL-Uniroyal-Elec-0603WAF1001T5E_C21190.pdf
card,JLC,R8 R34 R42 R51 R63 R78 R80,7,2k,resistor 2k ohm 1 % (0603),0603,bottom/top,C22975,0603WAF2001T5E,UNI-ROYAL(Uniroyal Elec),Basic,13572776,0.0024,0.0168,1938968,yes,"value and package from the schematic; 1% thick film, JLC Basic where one exists",,https://jlcpcb.com/partdetail/23702-0603WAF2001T5E/C22975,https://www.lcsc.com/product-detail/chip-resistor-surface-mount_uni-royal-uniroyal-elec-0603waf2001t5e_C22975.html,https://www.lcsc.com/datasheet/lcsc_datasheet_2206010116_UNI-ROYAL-Uniroyal-Elec-0603WAF2001T5E_C22975.pdf
card,JLC,R9 R35 R43,3,18k,resistor 18k ohm 1 % (0805),0805,bottom/top,C17506,0805W8F1802T5E,UNI-ROYAL(Uniroyal Elec),Extended (preferred),194888,0.0043,0.0129,64962,yes,"value and package from the schematic; 1% thick film, JLC Basic where one exists",,https://jlcpcb.com/partdetail/18194-0805W8F1802T5E/C17506,https://www.lcsc.com/product-detail/chip-resistor-surface-mount_uni-royal-uniroyal-elec-0805w8f1802t5e_C17506.html,https://www.lcsc.com/datasheet/lcsc_datasheet_2206010216_UNI-ROYAL-Uniroyal-Elec-0805W8F1802T5E_C17506.pdf
card,JLC,R11 R17,2,510k,resistor 510k ohm 1 % (0603),0603,bottom,C23192,0603WAF5103T5E,UNI-ROYAL(Uniroyal Elec),Basic,894332,0.0024,0.0048,447166,yes,"value and package from the schematic; 1% thick film, JLC Basic where one exists",,https://jlcpcb.com/partdetail/23919-0603WAF5103T5E/C23192,https://www.lcsc.com/product-detail/chip-resistor-surface-mount_uni-royal-uniroyal-elec-0603waf5103t5e_C23192.html,https://www.lcsc.com/datasheet/lcsc_datasheet_2206010116_UNI-ROYAL-Uniroyal-Elec-0603WAF5103T5E_C23192.pdf
card,JLC,R16 R19,2,5.1k,resistor 5.1k ohm 1 % (0603),0603,bottom/top,C23186,0603WAF5101T5E,UNI-ROYAL(Uniroyal Elec),Basic,25280385,0.0015,0.003,12640192,yes,"value and package from the schematic; 1% thick film, JLC Basic where one exists",,https://jlcpcb.com/partdetail/23913-0603WAF5101T5E/C23186,https://www.lcsc.com/product-detail/chip-resistor-surface-mount_uni-royal-uniroyal-elec-0603waf5101t5e_C23186.html,https://www.lcsc.com/datasheet/lcsc_datasheet_2206010116_UNI-ROYAL-Uniroyal-Elec-0603WAF5101T5E_C23186.pdf
card,JLC,R18 R20,2,200k,resistor 200k ohm 1 % (0603),0603,bottom,C25811,0603WAF2003T5E,UNI-ROYAL(Uniroyal Elec),Basic,2473796,0.0023,0.0046,1236898,yes,"value and package from the schematic; 1% thick film, JLC Basic where one exists",,https://jlcpcb.com/partdetail/26554-0603WAF2003T5E/C25811,https://www.lcsc.com/product-detail/chip-resistor-surface-mount_uni-royal-uniroyal-elec-0603waf2003t5e_C25811.html,https://www.lcsc.com/datasheet/lcsc_datasheet_2206010045_UNI-ROYAL-Uniroyal-Elec-0603WAF2003T5E_C25811.pdf
card,JLC,R25 R87 R94,3,910k,resistor 910k ohm 1 % (0805),0805,bottom/top,C17864,0805W8F9103T5E,UNI-ROYAL(Uniroyal Elec),Extended,15984,0.0034,0.0102,5328,yes,"value and package from the schematic; 1% thick film, JLC Basic where one exists; Vout dividers: 150 V rated",,https://jlcpcb.com/partdetail/18552-0805W8F9103T5E/C17864,https://www.lcsc.com/product-detail/chip-resistor-surface-mount_uni-royal-uniroyal-elec-0805w8f9103t5e_C17864.html,https://www.lcsc.com/datasheet/lcsc_datasheet_2206010200_UNI-ROYAL-Uniroyal-Elec-0805W8F9103T5E_C17864.pdf
card,JLC,R26 R64 R79 R81,4,220,resistor 220 ohm 1 % (0603),0603,bottom/top,C22962,0603WAF2200T5E,UNI-ROYAL(Uniroyal Elec),Basic,1903983,0.0035,0.014,271997,yes,"value and package from the schematic; 1% thick film, JLC Basic where one exists",,https://jlcpcb.com/partdetail/23689-0603WAF2200T5E/C22962,https://www.lcsc.com/product-detail/chip-resistor-surface-mount_uni-royal-uniroyal-elec-0603waf2200t5e_C22962.html,https://www.lcsc.com/datasheet/lcsc_datasheet_2206010130_UNI-ROYAL-Uniroyal-Elec-0603WAF2200T5E_C22962.pdf
card,JLC,R27 R37 R45,3,4.7k,resistor 4.7k ohm 1 % (0603),0603,bottom/top,C23162,0603WAF4701T5E,UNI-ROYAL(Uniroyal Elec),Basic,22492816,0.0028,0.0084,7497605,yes,"value and package from the schematic; 1% thick film, JLC Basic where one exists",,https://jlcpcb.com/partdetail/23889-0603WAF4701T5E/C23162,https://www.lcsc.com/product-detail/chip-resistor-surface-mount_uni-royal-uniroyal-elec-0603waf4701t5e_C23162.html,https://www.lcsc.com/datasheet/lcsc_datasheet_2206010116_UNI-ROYAL-Uniroyal-Elec-0603WAF4701T5E_C23162.pdf
card,JLC,R28 R36 R38 R44 R46 R88 R91 R95 R96 R105,10,100k,resistor 100k ohm 1 % (0603),0603,bottom/top,C25803,0603WAF1003T5E,UNI-ROYAL(Uniroyal Elec),Basic,22167984,0.0031,0.031,2216798,yes,"value and package from the schematic; 1% thick film, JLC Basic where one exists",,https://jlcpcb.com/partdetail/26546-0603WAF1003T5E/C25803,https://www.lcsc.com/product-detail/chip-resistor-surface-mount_uni-royal-uniroyal-elec-0603waf1003t5e_C25803.html,https://www.lcsc.com/datasheet/lcsc_datasheet_2206010045_UNI-ROYAL-Uniroyal-Elec-0603WAF1003T5E_C25803.pdf
card,JLC,R29 R30 R57,3,22k,resistor 22k ohm 1 % (0805),0805,top,C17560,0805W8F2202T5E,UNI-ROYAL(Uniroyal Elec),Basic,1746324,0.0048,0.0144,582108,yes,"value and package from the schematic; 1% thick film, JLC Basic where one exists",,https://jlcpcb.com/partdetail/18248-0805W8F2202T5E/C17560,https://www.lcsc.com/product-detail/chip-resistor-surface-mount_uni-royal-uniroyal-elec-0805w8f2202t5e_C17560.html,https://www.lcsc.com/datasheet/lcsc_datasheet_2206010200_UNI-ROYAL-Uniroyal-Elec-0805W8F2202T5E_C17560.pdf
card,JLC,R65,1,22k,resistor 22k ohm 1 % (0603),0603,top,C31850,0603WAF2202T5E,UNI-ROYAL(Uniroyal Elec),Basic,3706362,0.0041,0.0041,3706362,yes,"value and package from the schematic; 1% thick film, JLC Basic where one exists",,https://jlcpcb.com/partdetail/32812-0603WAF2202T5E/C31850,https://www.lcsc.com/product-detail/chip-resistor-surface-mount_uni-royal-uniroyal-elec-0603waf2202t5e_C31850.html,https://www.lcsc.com/datasheet/lcsc_datasheet_2206010030_UNI-ROYAL-Uniroyal-Elec-0603WAF2202T5E_C31850.pdf
card,JLC,R66 R89 R92 R97,4,3.3k,resistor 3.3k ohm 1 % (0603),0603,bottom/top,C22978,0603WAF3301T5E,UNI-ROYAL(Uniroyal Elec),Basic,5696130,0.0026,0.0104,1424032,yes,"value and package from the schematic; 1% thick film, JLC Basic where one exists",,https://jlcpcb.com/partdetail/23705-0603WAF3301T5E/C22978,https://www.lcsc.com/product-detail/chip-resistor-surface-mount_uni-royal-uniroyal-elec-0603waf3301t5e_C22978.html,https://www.lcsc.com/datasheet/lcsc_datasheet_2206010116_UNI-ROYAL-Uniroyal-Elec-0603WAF3301T5E_C22978.pdf
card,JLC,R68,1,62k,resistor 62k ohm 1 % (0603),0603,top,C23221,0603WAF6202T5E,UNI-ROYAL(Uniroyal Elec),Extended (preferred),418136,0.0028,0.0028,418136,yes,"value and package from the schematic; 1% thick film, JLC Basic where one exists",,https://jlcpcb.com/partdetail/23948-0603WAF6202T5E/C23221,https://www.lcsc.com/product-detail/chip-resistor-surface-mount_uni-royal-uniroyal-elec-0603waf6202t5e_C23221.html,https://www.lcsc.com/datasheet/lcsc_datasheet_2206010116_UNI-ROYAL-Uniroyal-Elec-0603WAF6202T5E_C23221.pdf
card,JLC,R69,1,20k,resistor 20k ohm 1 % (0603),0603,top,C4184,0603WAF2002T5E,UNI-ROYAL(Uniroyal Elec),Basic,8044733,0.0023,0.0023,8044733,yes,"value and package from the schematic; 1% thick film, JLC Basic where one exists",,https://jlcpcb.com/partdetail/4591-0603WAF2002T5E/C4184,https://www.lcsc.com/product-detail/chip-resistor-surface-mount_uni-royal-uniroyal-elec-0603waf2002t5e_C4184.html,https://www.lcsc.com/datasheet/lcsc_datasheet_2206010230_UNI-ROYAL-Uniroyal-Elec-0603WAF2002T5E_C4184.pdf
card,JLC,R82,1,56k,resistor 56k ohm 1 % (0603),0603,top,C23206,0603WAF5602T5E,UNI-ROYAL(Uniroyal Elec),Basic,1026495,0.0027,0.0027,1026495,yes,"value and package from the schematic; 1% thick film, JLC Basic where one exists",,https://jlcpcb.com/partdetail/23933-0603WAF5602T5E/C23206,https://www.lcsc.com/product-detail/chip-resistor-surface-mount_uni-royal-uniroyal-elec-0603waf5602t5e_C23206.html,https://www.lcsc.com/datasheet/lcsc_datasheet_2206010116_UNI-ROYAL-Uniroyal-Elec-0603WAF5602T5E_C23206.pdf
card,JLC,R84,1,120k,resistor 120k ohm 1 % (0603),0603,bottom,C25808,0603WAF1203T5E,UNI-ROYAL(Uniroyal Elec),Basic,1007305,0.0015,0.0015,1007305,yes,"value and package from the schematic; 1% thick film, JLC Basic where one exists",,https://jlcpcb.com/partdetail/26551-0603WAF1203T5E/C25808,https://www.lcsc.com/product-detail/chip-resistor-surface-mount_uni-royal-uniroyal-elec-0603waf1203t5e_C25808.html,https://www.lcsc.com/datasheet/lcsc_datasheet_2206010045_UNI-ROYAL-Uniroyal-Elec-0603WAF1203T5E_C25808.pdf
card,JLC,R86,1,1M,resistor 1M ohm 1 % (0805),0805,top,C17514,0805W8F1004T5E,UNI-ROYAL(Uniroyal Elec),Basic,2420510,0.0043,0.0043,1210255,yes,"value and package from the schematic; 1% thick film, JLC Basic where one exists",,https://jlcpcb.com/partdetail/18202-0805W8F1004T5E/C17514,https://www.lcsc.com/product-detail/chip-resistor-surface-mount_uni-royal-uniroyal-elec-0805w8f1004t5e_C17514.html,https://www.lcsc.com/datasheet/lcsc_datasheet_2206010200_UNI-ROYAL-Uniroyal-Elec-0805W8F1004T5E_C17514.pdf
card,JLC,R90 R93 R98,3,10M,resistor 10M ohm 1 % (0603),0603,bottom/top,C7250,0603WAF1005T5E,UNI-ROYAL(Uniroyal Elec),Basic,297135,0.0037,0.0111,99045,yes,"value and package from the schematic; 1% thick film, JLC Basic where one exists",,https://jlcpcb.com/partdetail/7726-0603WAF1005T5E/C7250,https://www.lcsc.com/product-detail/chip-resistor-surface-mount_uni-royal-uniroyal-elec-0603waf1005t5e_C7250.html,https://www.lcsc.com/datasheet/lcsc_datasheet_2206010216_UNI-ROYAL-Uniroyal-Elec-0603WAF1005T5E_C7250.pdf
card,JLC,U2 U4 U5 U14 U21,5,MCP6561,"comparator, push-pull, 56 ns",SOT-23-5,bottom/top,C117501,MCP6561T-E/OT,Microchip Tech,Extended,4005,0.743,3.715,801,yes,the device named in the schematic or the notes,,https://jlcpcb.com/partdetail/MicrochipTech-MCP6561T_EOT/C117501,https://www.lcsc.com/product-detail/comparators_microchip-tech-mcp6561t-e-ot_C117501.html,https://www.lcsc.com/datasheet/lcsc_datasheet_2304140030_Microchip-Tech-MCP6561T-E-OT_C117501.pdf
card,JLC,U3 U7 U13 U22 U23 U24,6,TLV9001,"op-amp, rail-to-rail, 1 MHz",SOT-23-5,bottom/top,C398363,TLV9001IDBVR,Texas Instruments,Extended,48438,0.0979,0.5874,5382,yes,"approved 2026-10-01: TI TLV9001IDBVR (the DBV part: pins 1 OUT, 2 V-, 3 IN+, 4 IN-, 5 V+, as the MCP6241; NOT the TLV9001U). 1 MHz, 2 V/us, 1.6 mV max offset. LTspice re-runs (30 ms, 25 % PWM, cold start) match the MCP6241 within 0.05 %",C49889 MCP6241T-E/OT (before 2026-10-01),https://jlcpcb.com/partdetail/TexasInstruments-TLV9001IDBVR/C398363,https://www.lcsc.com/product-detail/operational-amplifier_texas-instruments-tlv9001idbvr_C398363.html,https://www.lcsc.com/datasheet/lcsc_datasheet_2410010130_Texas-Instruments-TLV9001IDBVR_C398363.pdf
card,JLC,U18,1,CD4017B,decade counter (CMOS 4017),SOIC-16,top,C11349,CD4017BM96,Texas Instruments,Extended,18267,0.7267,0.7267,18267,yes,the device named in the schematic or the notes,,https://jlcpcb.com/partdetail/TexasInstruments-CD4017BM96/C11349,https://www.lcsc.com/product-detail/counters-dividers_texas-instruments-cd4017bm96_C11349.html,https://www.lcsc.com/datasheet/lcsc_datasheet_1809042113_Texas-Instruments-CD4017BM96_C11349.pdf
card,JLC,U26,1,MCP4451-103E/ST,"quad digital potentiometer 10 kOhm, I2C",TSSOP-20,bottom,C145613,MCP4451-103E/ST,Microchip Tech,Extended,40,2.9051,2.9051,40,yes,part chosen earlier (HANDOFF_SUMMARY / replace_notes / ANSWERS); STOCK 52,,https://jlcpcb.com/partdetail/MicrochipTech-MCP4451_103EST/C145613,https://www.lcsc.com/product-detail/digital-potentiometers_microchip-tech-mcp4451-103e-st_C145613.html,https://www.lcsc.com/datasheet/lcsc_datasheet_1811082132_Microchip-Tech-MCP4451-103E-ST_C145613.pdf
card,JLC,U28,1,74HC4051,8-channel analog multiplexer,SOIC-16,top,C9386,"74HC4051D,653",Nexperia,Extended,33472,0.2146,0.2146,33472,yes,the device named in the schematic or the notes,,https://jlcpcb.com/partdetail/Nexperia-74HC4051D653/C9386,https://www.lcsc.com/product-detail/analog-switches-multiplexers_nexperia-74hc4051d-653_C9386.html,https://www.lcsc.com/datasheet/lcsc_datasheet_2410121924_Nexperia-74HC4051D-653_C9386.pdf
card,JLC,U101 U102 U103,3,74HC00,quad 2-input NAND gate,SOIC-14,top,C5586,"74HC00D,653",Nexperia,Extended,8289,0.1546,0.4638,2763,yes,the device named in the schematic or the notes,,https://jlcpcb.com/partdetail/Nexperia-74HC00D653/C5586,https://www.lcsc.com/product-detail/logic-gates_nexperia-74hc00d-653_C5586.html,https://www.lcsc.com/datasheet/lcsc_datasheet_2407241044_Nexperia-74HC00D-653_C5586.pdf
card,JLC,U104 U105,2,74HC14,hex Schmitt-trigger inverter,SOIC-14,bottom/top,C5605,"74HC14D,653",Nexperia,Basic,206540,0.1023,0.2046,103270,yes,the device named in the schematic or the notes,,https://jlcpcb.com/partdetail/Nexperia-74HC14D653/C5605,https://www.lcsc.com/product-detail/inverters_nexperia-74hc14d-653_C5605.html,https://www.lcsc.com/datasheet/lcsc_datasheet_2407241044_Nexperia-74HC14D-653_C5605.pdf
card,JLC,U106,1,CD74HC4066,quad analog switch,SOIC-14,bottom,C179842,CD74HC4066M96,Texas Instruments,Extended,73,0.6097,0.6097,73,yes,the device named in the schematic or the notes; STOCK 73,,https://jlcpcb.com/partdetail/TexasInstruments-CD74HC4066M96/C179842,https://www.lcsc.com/product-detail/analog-switches-multiplexers_texas-instruments-cd74hc4066m96_C179842.html,https://www.lcsc.com/datasheet/lcsc_datasheet_1912111437_Texas-Instruments-CD74HC4066M96_C179842.pdf
