Designator,Mid X,Mid Y,Layer,Rotation
C1,74.2561mm,-67.5041mm,Top,90
C3,33.8365mm,-68.5024mm,Top,90
C4,92.0835mm,-84.9283mm,Top,90
C6,100.3036mm,-48.7201mm,Top,0
C7,48.8031mm,-106.0903mm,Top,90
C16,53.0450mm,-58.3950mm,Bottom,0
C18,63.6950mm,-47.4450mm,Bottom,180
C20,77.0146mm,-33.4118mm,Top,0
C21,40.2197mm,-104.5625mm,Top,90
C25,99.8011mm,-51.2367mm,Top,0
C30,82.7116mm,-37.4828mm,Top,90
C31,76.0250mm,-40.5950mm,Bottom,90
C33,46.0183mm,-97.4399mm,Top,90
C34,40.3452mm,-98.9461mm,Top,90
C35,70.9223mm,-113.6967mm,Top,90
C39,57.6888mm,-90.9860mm,Top,90
C40,86.1159mm,-73.4572mm,Top,90
C41,72.7892mm,-113.6178mm,Top,90
C44,44.2303mm,-102.4809mm,Top,0
C45,47.7413mm,-101.8251mm,Top,90
C48,62.3750mm,-36.7250mm,Bottom,90
C50,53.8250mm,-56.4750mm,Bottom,0
C51,70.5200mm,-56.9000mm,Bottom,90
C55,37.2748mm,-105.3210mm,Top,90
C56,33.7233mm,-104.8146mm,Top,90
C60,75.0450mm,-91.3450mm,Bottom,90
C61,78.0750mm,-90.8750mm,Bottom,180
C62,56.3418mm,-58.1293mm,Bottom,90
C69,84.8308mm,-48.9567mm,Top,-90
C70,78.0609mm,-86.7987mm,Top,0
C71,36.9653mm,-80.0423mm,Top,180
C72,74.1523mm,-63.5926mm,Top,0
C73,35.1201mm,-64.8238mm,Top,0
C74,95.9634mm,-95.8300mm,Top,0
C75,96.1790mm,-108.1770mm,Top,-90
C76,88.9107mm,-85.5879mm,Top,90
C77,81.4977mm,-97.9166mm,Top,180
C78,49.4281mm,-73.0321mm,Top,90
C79,62.4421mm,-34.2585mm,Top,0
C80,58.1588mm,-32.9829mm,Top,90
C81,100.0795mm,-44.6221mm,Top,0
C82,76.2252mm,-31.4038mm,Top,0
C83,63.2767mm,-31.4106mm,Top,0
C84,63.2843mm,-58.1543mm,Top,0
C85,85.4168mm,-61.1968mm,Top,0
C86,70.6506mm,-53.1520mm,Top,90
C87,49.2053mm,-86.4257mm,Top,-90
C88,64.4170mm,-65.4549mm,Top,180
C89,82.4450mm,-104.6250mm,Bottom,0
C90,51.0250mm,-42.9750mm,Bottom,0
D2,74.7629mm,-57.3410mm,Bottom,90
D8,51.5215mm,-62.3376mm,Bottom,0
D9,81.4924mm,-76.7564mm,Bottom,90
D10,89.3136mm,-66.2458mm,Bottom,0
D11,80.2161mm,-69.5357mm,Bottom,90
D13,89.4234mm,-93.3766mm,Bottom,90
D14,35.1068mm,-65.5772mm,Bottom,0
D19,73.1572mm,-49.6123mm,Bottom,-90
D21,94.4546mm,-66.4421mm,Bottom,0
D22,82.1150mm,-89.9889mm,Bottom,0
D28,46.0000mm,-91.5000mm,Bottom,0
D29,52.0000mm,-87.2500mm,Bottom,0
D30,102.8500mm,-89.6000mm,Bottom,90
R1,69.9968mm,-38.9211mm,Top,90
R7,62.3108mm,-106.5870mm,Top,-90
R13,73.7470mm,-71.0082mm,Top,0
R14,92.5595mm,-43.5878mm,Top,0
R15,77.1128mm,-43.3355mm,Bottom,0
R21,67.7164mm,-47.5892mm,Bottom,0
R22,54.9808mm,-100.6470mm,Top,90
R23,35.1170mm,-62.4501mm,Bottom,90
R47,102.8500mm,-99.5000mm,Bottom,-90
R48,55.8302mm,-72.5338mm,Bottom,90
R49,54.7752mm,-65.0759mm,Top,0
R50,37.0005mm,-89.4930mm,Top,0
R52,58.0968mm,-96.0154mm,Top,0
R53,41.2122mm,-93.0886mm,Top,-90
R56,49.7714mm,-101.8439mm,Top,90
R59,86.3721mm,-85.5152mm,Top,90
R60,72.2712mm,-57.5943mm,Bottom,90
R61,33.1579mm,-62.3861mm,Bottom,90
R62,76.2614mm,-35.5858mm,Bottom,90
R70,54.7125mm,-65.0759mm,Bottom,0
R72,81.9962mm,-84.5826mm,Bottom,90
R73,101.6893mm,-88.9942mm,Top,0
R74,86.8576mm,-91.3386mm,Top,0
R75,80.5940mm,-73.1104mm,Bottom,0
R76,74.2785mm,-61.0073mm,Top,0
R104,76.7644mm,-43.7360mm,Top,0
U1,44.4197mm,-106.0625mm,Top,0
U6,67.7576mm,-113.6704mm,Top,0
U8,81.2027mm,-97.6457mm,Bottom,90
U10,52.3247mm,-49.7355mm,Bottom,-90
U11,48.8278mm,-97.8411mm,Top,90
U12,43.1548mm,-99.3474mm,Top,90
U15,63.7830mm,-54.4857mm,Bottom,0
U16,98.0138mm,-59.0684mm,Top,90
U17,62.2797mm,-90.0403mm,Top,90
U19,69.1114mm,-38.7608mm,Bottom,0
U25,77.0063mm,-38.3070mm,Top,90
